Entry,Completed,Quarter,Class,Type,Tasks_Predicted,Units,Title,Min_Estimated,Min_Real,InvalidatingFailure,ImpreciseTimes
1,8/7/2019,Summer 2019,SOC218,Reading,14,Pages,Communist Manifesto,49,85,,
2,8/7/2019,Summer 2019,COMS101,Reading,10,Pages,Sylabus,10,15,,
3,8/12/2019,Summer 2019,COMS101,Questionaire,7,Questions,Basic info,3,2,,
4,8/16/2019,Summer 2019,SOC218,Reading,3,Pages,Wealth of nations,18,10,,
5,8/13/2019,Summer 2019,COMS101,Reading,31,Pages,Textbook ch1,130,40,,
6,8/16/2019,Summer 2019,COMS101,Reading,28,Pages,Textbook ch2,40,38,,
7,8/16/2019,Summer 2019,COMS101,Reading,23,Pages,Textbook ch3,31,33,,
8,8/19/2019,Summer 2019,General,Advising,1,Session,Informal Advising w/ LA,15,13,,
9,8/19/2019,Summer 2019,COMS101,Reading,20,Pages,Textbook ch10,28,29,,
10,8/20/2019,Summer 2019,COMS101,Reading w/ Guide,39,Pages,Textbook ch5,22,14,,
11,8/20/2019,Summer 2019,COMS101,Reading w/ Guide,24,Pages,Textbook ch6,17,20,,
12,8/19/2019,Summer 2019,SOC218,Misc,1,Questionaire,Political Compass,12,10,,
13,8/19/2019,Summer 2019,COMS101,Questionaire,1,Questionaire,Audience survey,4,1,1,
14,8/20/2019,Summer 2019,SOC218,Reading,20,Pages,Oatley Ch1 IPE,70,55,,
15,8/21/2019,Summer 2019,SOC218,Reading,16,Pages,Che Guevara UNCTAD,64,53,,
16,8/21/2019,Summer 2019,COMS101,Speech Prep,4,Minutes,Introduction speech (3 objects),50,112,,
17,8/21/2019,Summer 2019,COMS101,Misc,6,Pages,Library Questionare,12,36,,
18,8/23/2019,Summer 2019,COMS101,Reading w/ Guide,27,Pages,Chapter 11,30,34,,
19,8/23/2019,Summer 2019,COMS101,Reading w/ Guide,28,Pages,Chapter 12,25,26,,
20,8/23/2019,Summer 2019,COMS101,Reading w/ Guide,30,Pages,Chapter 13,25,21,,
21,8/25/2019,Summer 2019,SOC218,Research,1,Topic,Botswana relationship to major powers,25,23,,
22,8/25/2019,Summer 2019,COMS101,Research,2,Sources,Sources for Imagery Speech,45,51,,
23,8/25/2019,Summer 2019,SOC218,Reading,7,Pages,Said Orientalism,15,34,,
24,8/25/2019,Summer 2019,SOC218,Reading,8,Pages,Think Again: War,20,16,,
25,8/26/2019,Summer 2019,SOC218,Class,1,Session,,230,225,,1
26,8/26/2019,Summer 2019,COMS101,Class,1,Session,,230,140,,
27,8/19/2019,Summer 2019,SOC218,Class,1,Session,,230,225,,1
28,8/19/2019,Summer 2019,COMS101,Class,1,Session,,230,230,,1
29,8/20/2019,Summer 2019,SOC218,Class,1,Session,,230,225,,1
30,8/20/2019,Summer 2019,COMS101,Class,1,Session,,230,230,,1
31,8/22/2019,Summer 2019,SOC218,Class,1,Session,,230,225,,1
32,8/22/2019,Summer 2019,COMS101,Class,1,Session,,230,230,,1
33,8/29/2019,Summer 2019,COMS101,Speech Prep,5,Minutes,Visualization Speech - Memory deletion,250,438,,
34,8/26/2019,Summer 2019,SOC218,Assisted reading,23,Pages,Read outline classmates made of McMichael Ch. 1,45,33,,
35,8/27/2019,Summer 2019,SOC218,Class,1,Field Trip,,174,189,,
36,8/27/2019,Summer 2019,COMS101,Class,1,Session,,150,48,,
37,8/29/2019,Summer 2019,SOC218,Writing,4,Pages,Day In The Life of Botswana,120,183,,
38,8/28/2019,Summer 2019,SOC218,Assisted reading,24,Pages,"Assisted in creating outline of Stenger Econ Globalization, read outline with class",60,41,,
39,8/28/2019,Summer 2019,SOC218,Assisted reading,6,Pages,Green REvolution,80,68,,
40,8/29/2019,Summer 2019,SOC218,Class,1,Session,,230,230,,
41,8/29/2019,Summer 2019,COMS101,Class,1,Session,,220,194,,
42,8/30/2019,Summer 2019,COMS101,Reading w/ Guide,48,Pages,Chapter 16,34,31,,
43,8/30/2019,Summer 2019,COMS101,Reading w/ Guide,56,Pages,Chapter 17,62,42,,
44,8/30/2019,Summer 2019,COMS101,Reading w/ Guide,65,Pages,Chapter 18,65,32,,
45,9/4/2019,Summer 2019,COMS101,Speech Prep,6,Minutes,Informative Speech,600,547,,
46,9/1/2019,Summer 2019,SOC218,Writing,4,Paragraphs,Food Miles,90,67,,
47,9/1/2019,Summer 2019,SOC218,Online Activity,1,Online Activity,Slaves,25,22,,
48,9/1/2019,Summer 2019,SOC218,Online Activity,1,Online Activity,Ecological Footprint,25,18,,
49,9/6/2019,Summer 2019,SOC218,Reading,12,Pages,Economy for the 99 percent,34,39,,
50,9/3/2019,Summer 2019,SOC218,Class,1,Session,,230,228,,
51,9/3/2019,Summer 2019,COMS101,Class,1,Session,Editing day - editing time not included,120,80,,
52,9/5/2019,Summer 2019,SOC218,Field Trip,1,Session,Scavenger hunt & streetcorner activity downtown,180,165,,
53,9/5/2019,Summer 2019,COMS101,Class,1,Session,,230,213,,
54,9/10/2019,Summer 2019,COMS101,Speech Prep,7,Minutes,,500,568,,
55,9/6/2019,Summer 2019,SOC218,Reading,6,Pages,Income Inequality,24,10,,
56,9/13/2019,Summer 2019,SOC218,Writing,8,Pages,,400,497,,
57,9/7/2019,Summer 2019,General,Online Activity,1,Lesson,Not Anymore Online Training,140,167,,
58,9/8/2019,Summer 2019,General,Online Activity,1,Lesson,Alcohol/drug Training,150,61,,
59,9/13/2019,Summer 2019,General,Online Activity,1,Lesson,Diversity Training,60,80,,
60,9/8/2019,Summer 2019,COMS101,Writing,16,Sentences,Peer Review,32,35,,
61,9/9/2019,Summer 2019,SOC218,Writing ,1,Pages,Scavenger Hunt/Street Corner,20,35,,
62,9/9/2019,Summer 2019,SOC218,Misc,2,Misc,Turning in late assignments,10,20,,
63,9/9/2019,Summer 2019,SOC218,Class,1,Session,,230,236,,
64,9/9/2019,Summer 2019,COMS101,Class,1,Session,Abnormal; est = 230-worktime,164,100,,
65,9/10/2019,Summer 2019,SOC218,Class,1,Session,,230,224,,
66,9/10/2019,Summer 2019,COMS101,Class,1,Session,,230,237,,
67,9/11/2019,Summer 2019,COMS101,Study,1,Session,,30,28,,
68,9/11/2019,Summer 2019,COMS101,Writing,2.5,Pages,Self Evaluation,60,57,,
69,9/12/2019,Summer 2019,SOC218,Study,1,Course,,120,135,,
70,9/11/2019,Summer 2019,COMS101,Study,1,Session,,30,7,,
71,9/12/2019,Summer 2019,COMS101,Class,1,Session,Final Exam,60,45,,
72,9/13/2019,Summer 2019,SOC218,Class,1,Session,Final Exam,60,66,,
73,9/18/2019,Fall 2019,MATH143,Reading,1,Sylabus,,10,6,,
74,9/18/2019,Summer 2019,General,Survey,1,Survey,Quarter Plus Survey,15,12,,
75,9/19/2019,Fall 2019,MATH143,Class,1,Session,,60,59,,
76,9/19/2019,Fall 2019,TH210,Class,1,Session,,110,89,,
77,9/19/2019,Fall 2019,ENGL134,Class,1,Session,,55,54,,
78,9/24/2019,Fall 2019,TH210,Reading,1,Pages,How to Read a Play,4,3,,
79,10/2/2019,Fall 2019,ENGL134,Purchase,1,Books,MLA 8 guide for writers of research papers (published by MLA),20,5,1,
80,9/20/2019,Fall 2019,General,PolyPlanner,3,Quarters,Until Compliant,80,27,,
81,9/20/2019,Fall 2019,ENGL134,Printing,1,Pages,Statement of writing subject for quarter,4,4,,
82,9/22/2019,Fall 2019,MATH143,Textbook Questions,6,Problems,10.1 1-11(odd),80,30,,
83,9/23/2019,Fall 2019,MATH143,Textbook Questions,17,Problems,10.1 27-61 (odd),90,75,,
84,9/24/2019,Fall 2019,MATH143,Textbook Questions,5,Problems,10.2 7-17 (odd),25,21,,
85,9/25/2019,Fall 2019,ENGL134,Reading,12,Pages,Bird by Bird (intro - shitty first drafts),40,60,,
86,9/23/2019,Fall 2019,STAT150,Scavenger Hunt,9,Questions,Using Cal Poly Resources,36,27,,
87,9/23/2019,Fall 2019,STAT150,Scavenger Hunt,5,Items,Real life scavenging,50,0,1,
88,9/23/2019,Fall 2019,MATH143,Class,1,Session,,55,52,,
89,9/23/2019,Fall 2019,STAT150,Class,1,Session,,55,59,,
90,9/23/2019,Fall 2019,ENGL134,Class,1,Session,,55,58,,
91,9/24/2019,Fall 2019,MATH143,Class,1,Session,Forgot to attend,55,0,,
92,9/24/2019,Fall 2019,TH210,Class,1,Session,,95,85,,
93,9/25/2019,Fall 2019,TH210,Blog,1,Thought,,40,85,,
94,9/24/2019,Fall 2019,TH210,Reading,12,Pages,Casting Without Limits,25,18,,
95,9/26/2019,Fall 2019,TH210,Blog,2,Comments,,14,22,,
96,9/26/2019,Fall 2019,ENGL134,Reading,15,Pages,Bird by Bird (part 1- shitty first drafts),50,48,,
97,9/27/2019,Fall 2019,STAT150,Labs,1,Lab Section,Lab 1 Part 1,30,34,,
98,9/25/2019,Fall 2019,STAT150,Class,1,Session,,55,50,,
99,9/25/2019,Fall 2019,ENGL134,Class,1,Session,Teacher could not come,55,0,,
100,9/26/2019,Fall 2019,MATH143,Class,1,Session,,55,62,,
101,9/26/2019,Fall 2019,TH210,Class,1,Session,,100,99,,
102,9/26/2019,Fall 2019,ENGL134,Class,1,Session,,55,55,,
103,9/27/2019,Fall 2019,MATH143,Class,1,Session,,55,62,,
104,9/27/2019,Fall 2019,ENGL134,Class,1,Session,,55,54,,
105,9/27/2019,Fall 2019,STAT150,Labs,1,Lab Section,,30,38,,
106,9/29/2019,Fall 2019,ENGL134,Writing,4,Narritives,Memoir Stage 1,110,131,,
107,10/7/2019,Fall 2019,ENGL134,Drafting,4,Pages,First Draft,180,210,,
108,9/30/2019,Fall 2019,MATH143,Study,1,Example,,10,8,,
109,10/6/2019,Fall 2019,STAT150,Project,1,Class Activity,?,140,218,,
110,10/1/2019,Fall 2019,TH210,Reading,59,Pages,,80,55,,
111,10/2/2019,Fall 2019,TH210,Reading,57,Pages,,55,49,,
112,10/3/2019,Fall 2019,STAT150,Labs,0.4,Labs,,30,124,,
113,10/2/2019,Fall 2019,ENGL134,Reading,4,Pages,,12,9,,
114,9/30/2019,Fall 2019,MATH143,Class,1,Session,Week of Classes - Standard,55,60,,
115,9/30/2019,Fall 2019,STAT150,Class,1,Session,,55,56,,1
116,9/30/2019,Fall 2019,ENGL134,Class,1,Session,,55,55,,1
117,10/1/2019,Fall 2019,MATH143,Class,1,Session,,55,52,,
118,10/1/2019,Fall 2019,TH210,Class,1,Session,,110,118,,
119,10/2/2019,Fall 2019,STAT150,Class,1,Session,,55,56,,
120,10/2/2019,Fall 2019,ENGL134,Class,1,Session,,55,58,,
121,10/3/2019,Fall 2019,MATH143,Class,1,Session,,55,55,,
122,10/3/2019,Fall 2019,TH210,Class,1,Session,,110,111,,
123,10/3/2019,Fall 2019,ENGL134,Class,1,Session,,55,60,,
124,10/4/2019,Fall 2019,MATH143,Class,1,Session,,55,54,,
125,10/4/2019,Fall 2019,ENGL134,Class,1,Session,Atypical Day - out of class assignment,55,48,,
126,10/3/2019,Fall 2019,TH210,Quiz,1,Quiz,Take Home Quiz ,12,5,,
127,10/13/2019,Fall 2019,ENGL134,Editing,4,Pages,Memoir: fully editing shitty first draft to final product,200,332,,
128,10/7/2019,Fall 2019,MATH143,Class,1,Session,Monday,55,56,,
129,10/7/2019,Fall 2019,STAT150,Class,1,Session,Monday,55,43,,
130,10/7/2019,Fall 2019,ENGL134,Class,1,Session,Monday,55,51,,
131,10/8/2019,Fall 2019,MATH143,Class,1,Session,Tuesday,55,54,,
132,10/8/2019,Fall 2019,TH210,Class,1,Session,Tuesday,110,100,,
133,10/9/2019,Fall 2019,STAT150,Class,1,Session,Wednesday,55,50,,
134,10/9/2019,Fall 2019,ENGL134,Class,1,Session,Wednesday,55,50,,
135,10/10/2019,Fall 2019,MATH143,Class,1,Session,Thursday,55,52,,
136,10/10/2019,Fall 2019,TH210,Class,1,Session,Thursday,110,99,,
137,10/10/2019,Fall 2019,ENGL134,Class,1,Session,Thursday,55,49,,
138,10/11/2019,Fall 2019,MATH143,Class,1,Session,Friday,55,52,,
139,10/11/2019,Fall 2019,ENGL134,Class,1,Session,Friday,19,16,,
140,10/13/2019,Fall 2019,TH210,Blog,1,Thought,,50,37,,
141,10/13/2019,Fall 2019,TH210,Blog,2,Comments,,22,13,,
142,10/8/2019,Fall 2019,STAT150,Reading,16,Pages,How to lie with statistics,40,31,,
143,10/15/2019,Fall 2019,STAT150,Reading,10,Pages,How to lie with statistics  Chapter 2,22,27,,
144,10/10/2019,Fall 2019,MATH143,Textbook Questions,15,Questions,,90,110,,
145,10/9/2019,Fall 2019,ENGL134,Reading,2,Pages,Fresh Choices essay,8,6,,
146,10/21/2019,Fall 2019,ENGL134,Reading,3,Pages,book,9,10,,
147,10/10/2019,Fall 2019,MATH143,Textbook Questions,19,Questions,,120,111,,
148,10/10/2019,Fall 2019,MATH143,Textbook Questions,20,Questions,,120,71,,
149,10/13/2019,Fall 2019,STAT150,Labs,0.5,Labs,,50,82,,
150,10/10/2019,Fall 2019,TH210,Reading,11,Pages,Disgraced,25,108,,
151,10/10/2019,Fall 2019,TH210,Quiz,1,Quiz,Disgraced take home quiz,8,3,,
152,10/11/2019,Fall 2019,MATH143,Study Session,1,Session,,90,84,,
153,10/13/2019,Fall 2019,STAT150,Blog,1,Post,News Stats,35,46,,
154,10/14/2019,Fall 2019,MATH143,Class,1,Session,Monday,55,52,,
155,10/14/2019,Fall 2019,STAT150,Class,1,Session,Monday,55,29,,
156,10/14/2019,Fall 2019,ENGL134,Class,1,Session,Monday,55,3,,
157,10/15/2019,Fall 2019,MATH143,Class,1,Session,Tuesday,55,57,,
158,10/15/2019,Fall 2019,TH210,Class,1,Session,Tuesday,110,99,,
159,10/16/2019,Fall 2019,STAT150,Class,1,Session,Wednesday,55,51,,
160,10/16/2019,Fall 2019,ENGL134,Class,1,Session,Wednesday,55,56,,
161,10/17/2019,Fall 2019,MATH143,Class,1,Session,Thursday,55,54,,
162,10/17/2019,Fall 2019,TH210,Class,1,Session,Thursday,45,72,,
163,10/18/2019,Fall 2019,ENGL134,Class,1,Session,Thursday,55,51,,
164,10/18/2019,Fall 2019,MATH143,Class,1,Session,Friday,55,53,,
165,10/18/2019,Fall 2019,ENGL134,Class,1,Session,Friday,55,30,,
166,10/15/2019,Fall 2019,STAT150,Reading,15,Pages,How to lie with statistics  Chapter 3,32,23,,
167,10/15/2019,Fall 2019,STAT150,Reading,7,Pages,How to lie with statistics  Chapter 4,11,18,,
168,10/16/2019,Fall 2019,STAT150,Reading,5,Pages,How to lie with statistics  Chapter 5,11,9,,
169,10/24/2019,Fall 2019,STAT150,Reading,7,Pages,How to lie with statistics  Chapter 6,15,15,,
170,10/16/2019,Fall 2019,MATH143,Textbook Questions,15,Questinons,"• Section 10.8: 1-15 (odd), 16-18, 27, 29, 43, 45.",80,107,,
171,10/17/2019,Fall 2019,MATH143,Textbook Questions,16,Questinons,"• Section 10.9: 1-6, 9, 11-16, 35-37.",80,70,,
172,10/17/2019,Fall 2019,MATH143,Textbook Questions,10,Questinons,"• Section 10.10: 15, 16, 19, 20, 41-43, 45, 47, 48.",60,63,,
173,10/18/2019,Fall 2019,STAT150,Labs,1,Lab,,70,73,,
174,10/17/2019,Fall 2019,TH210,Purchase,1,Book,,12,23,,
175,10/17/2019,Fall 2019,TH210,Reading,92,Pages,Water By the Spoonful,120,125,,
176,10/17/2019,Fall 2019,TH210,Quiz,1,Quiz,,12,3,,
177,10/20/2019,Fall 2019,ENGL134,Writing,3,Poems,Haikus,70,36,,
178,10/20/2019,Fall 2019,STAT150,Blog,1,Posts,,40,64,,
179,10/20/2019,Fall 2019,STAT150,Help,1,Days,1 week of helping others with stats,20,22,,
180,10/25/2019,Fall 2019,ENGL134,Interview Prep,1,Interviews,All preparation for interview,180,145,,
181,10/22/2019,Fall 2019,MATH143,Textbook Questions,9,Questions,"Section 11.1: 1-15 (odd), 21.",49,44,,
182,10/24/2019,Fall 2019,MATH143,Textbook Questions,7,Questions,"Section 11.2: 1, 5, 9, 13, 23-27 (odd).",39,125,,
183,10/21/2019,Fall 2019,TH210,Study,1,Session,,30,18,,
184,10/21/2019,Fall 2019,MATH143,Class,1,Session,Monday,55,57,,
185,10/21/2019,Fall 2019,STAT150,Class,1,Session,Monday,55,50,,
186,10/21/2019,Fall 2019,ENGL134,Class,1,Session,Monday,55,56,,
187,10/22/2019,Fall 2019,MATH143,Class,1,Session,Tuesday,55,56,,
188,10/22/2019,Fall 2019,TH210,Class,1,Session,Tuesday,110,63,,
189,10/23/2019,Fall 2019,STAT150,Class,1,Session,Wednesday,55,50,,
190,10/23/2019,Fall 2019,ENGL134,Class,1,Session,Wednesday,55,53,,
191,10/24/2019,Fall 2019,MATH143,Class,1,Session,Thursday,55,55,,
192,10/24/2019,Fall 2019,TH210,Class,1,Session,Thursday,110,83,,
193,10/24/2019,Fall 2019,ENGL134,Class,1,Session,Thursday,55,52,,
194,10/25/2019,Fall 2019,MATH143,Class,1,Session,Friday,55,56,,
195,10/25/2019,Fall 2019,ENGL134,Class,1,Session,Friday,55,50,,
196,11/3/2019,Fall 2019,STAT150,Blog,1,Misc,"Ethics issue: reading 5 pages, writeup",100,94,,
197,10/24/2019,Fall 2019,STAT150,Reading,13,Pages,How to lie with statistics  Chapter 7,26,27,,
198,10/25/2019,Fall 2019,STAT150,Reading,13,Pages,How to lie with statistics  Chapter 8,26,23,,
199,11/11/2019,Fall 2019,STAT150,Reading,22,Pages,How to lie with statistics  Chapter 9,44,41,,
200,10/25/2019,Fall 2019,ENGL134,Interview,1,Interviews,My interview - all time at scene dedicated to doing it.,30,22,,
201,11/11/2019,Fall 2019,STAT150,Reading,20,Pages,How to lie with statistics  Chapter 10,40,32,,
202,10/28/2019,Fall 2019,STAT150,Labs,1,Labs,Lab 5,120,82,,
203,11/21/2019,Fall 2019,TH210,Speech Prep,1,Monologues,,300,80,,
204,10/29/2019,Fall 2019,STAT150,Study,1,Test,All study for midterm,100,199,,
205,10/28/2019,Fall 2019,MATH143,Class,1,Session,Monday,55,52,,
206,10/28/2019,Fall 2019,STAT150,Class,1,Session,Monday,55,48,,
207,10/28/2019,Fall 2019,ENGL134,Class,1,Session,Monday,55,55,,
208,10/29/2019,Fall 2019,MATH143,Class,1,Session,Tuesday,55,54,,
209,10/29/2019,Fall 2019,TH210,Class,1,Session,Tuesday,110,110,,
210,10/30/2019,Fall 2019,STAT150,Class,1,Session,Wednesday,55,52,,
211,10/30/2019,Fall 2019,ENGL134,Class,1,Session,Wednesday,55,39,,
212,10/31/2019,Fall 2019,MATH143,Class,1,Session,Thursday,55,47,,
213,10/31/2019,Fall 2019,TH210,Class,1,Session,Thursday,110,71,,
214,10/31/2019,Fall 2019,ENGL134,Class,1,Session,Thursday,29,23,,1
215,11/1/2019,Fall 2019,MATH143,Class,1,Session,Friday,55,0,1,
216,11/1/2019,Fall 2019,ENGL134,Class,1,Session,Friday,55,2,1,
217,11/3/2019,Fall 2019,TH210,Play,1,Plays,Attending one play: Loose Moose,180,114,,
218,11/9/2019,Fall 2019,TH210,Play,1,Plays,Attending one play: Lyssistrata,90,80,,
219,10/31/2019,Fall 2019,TH210,Quiz,1,Quiz,Lysistrata,10,10,,
228,11/4/2019,Fall 2019,TH210,Reading,96,Pages,,150,138,,
229,10/31/2019,Fall 2019,ENGL134,Writing Prep,1,Essay,Reviewing interview tape and finding key points,60,26,,
230,11/1/2019,Fall 2019,ENGL134,Reading,1,Profile,,20,41,,
231,11/14/2019,Fall 2019,MATH143,Homework,3,Sections,,80,0,1,
232,11/3/2019,Fall 2019,ENGL134,Writing,4,Pages,First Draft,500,225,,
233,11/3/2019,Fall 2019,STAT150,Labs,1,Labs,Tidy Tuesdays,25,17,,
234,11/9/2019,Fall 2019,STAT150,Labs,1,Labs,Lab 7 - tidy tuesday - trips,40,24,,
235,11/10/2019,Fall 2019,General,Help,1,Week,Helping others this week,60,16,,
236,11/8/2019,Fall 2019,TH210,Writing,500,Words,Play Review: Loose Moose,40,62,,
237,11/4/2019,Fall 2019,MATH143,Class,1,Session,Monday,55,51,,
238,11/4/2019,Fall 2019,ENGL134,Class,1,Session,Monday,55,52,,
239,11/5/2019,Fall 2019,MATH143,Class,1,Session,Tuesday,55,0,1,
240,11/5/2019,Fall 2019,TH210,Class,1,Session,Tuesday,110,91,,
241,11/6/2019,Fall 2019,STAT150,Class,1,Session,Wednesday,51,50,,
242,11/6/2019,Fall 2019,ENGL134,Class,1,Session,Wednesday,55,54,,
243,11/7/2019,Fall 2019,MATH143,Class,1,Session,Thursday,55,49,,
244,11/7/2019,Fall 2019,TH210,Class,1,Session,Thursday,100,87,,
245,11/7/2019,Fall 2019,ENGL134,Class,1,Session,Thursday,55,1,1,
246,11/8/2019,Fall 2019,MATH143,Class,1,Session,Friday,55,51,,
247,11/8/2019,Fall 2019,ENGL134,Class,1,Session,Friday,55,2,1,
248,11/4/2019,Fall 2019,MATH143,Textbook Questions,9,Questions,"Section 12.2: 1, 5, 7, 11, 17, 21-25 (odd), 31.",84,38,,
249,11/5/2019,Fall 2019,MATH143,Textbook Questions,7,Questions,"• Section 12.3: Parts (a)-(d) of 3-7 (odd), 11, 13, 25, 27.",90,78,,
250,11/6/2019,Fall 2019,MATH143,Textbook Questions,16,Questions,"• Section 12.4: 1-7 (odd), 15, 23, 27, 28, 31, 35, 39, 40, 41, 45, 46, 48.",90,114,,
251,11/4/2019,Fall 2019,ENGL134,Revisions,4,Pages,Based on peer critique,55,47,,
252,11/11/2019,Fall 2019,ENGL134,Revisions,4,Pages,One round through the document based off ,50,55,,
253,11/6/2019,Fall 2019,General,Planning,1,Session,Planning classes,40,45,,
254,11/17/2019,Fall 2019,TH210,Reading,104,Pages,The Curious Incident of the Dog in the Night-Time,140,298,,
255,11/7/2019,Fall 2019,TH210,Quiz,1,Quiz,,11,5,,
256,11/19/2019,Fall 2019,TH210,Writing,500,Words,Play review: Lysistrata,70,45,,
257,11/10/2019,Fall 2019,STAT150,Blog,1,Submission,Submitting and writing teaser,20,22,,
258,11/12/2019,Fall 2019,MATH143,Class,1,Session,Tuesday,55,0,1,
259,11/12/2019,Fall 2019,TH210,Class,1,Session,Tuesday,110,3,1,
260,11/13/2019,Fall 2019,STAT150,Class,1,Session,Wednesday,51,52,,
261,11/13/2019,Fall 2019,ENGL134,Class,1,Session,Wednesday,55,52,,
262,11/14/2019,Fall 2019,MATH143,Class,1,Session,Thursday,55,51,,
263,11/14/2019,Fall 2019,TH210,Class,1,Session,Thursday,100,96,,
264,11/14/2019,Fall 2019,ENGL134,Class,1,Session,Thursday,55,50,,
265,11/15/2019,Fall 2019,MATH143,Class,1,Session,Friday,55,52,,
266,11/15/2019,Fall 2019,ENGL134,Class,1,Session,Friday,55,0,1,
267,11/17/2019,Fall 2019,General,Help,1,Week,Helping others 11/11-11/17,35,0,,
268,11/12/2019,Fall 2019,ENGL134,Revisions,4,Pages,"Final Edits, Printing",35,23,,
269,11/13/2019,Fall 2019,STAT150,Labs,1,Labs,Tidy Tuesday: Squirrels,35,57,,
270,11/14/2019,Fall 2019,MATH143,Study,1,Midterm,,200,276,,
271,11/15/2019,Fall 2019,General,Scheduling,1,Quarter,,30,51,,
272,11/14/2019,Fall 2019,TH210,Quiz,1,Quiz,,14,14,,
273,12/6/2019,Fall 2019,TH210,Reading,89,Pages,Vietgone,148,123,,
274,11/17/2019,Fall 2019,STAT150,Blog,1,Post,Famous Statistician,60,52,,
275,11/18/2019,Fall 2019,MATH143,Class,1,Session,Monday,50,51,,
276,11/18/2019,Fall 2019,STAT150,Class,1,Session,Monday,55,52,,
277,11/18/2019,Fall 2019,ENGL134,Class,1,Session,Monday,55,59,,
278,11/19/2019,Fall 2019,MATH143,Class,1,Session,Tuesday,51,48,,
279,11/19/2019,Fall 2019,TH210,Class,1,Session,Tuesday,110,102,,
280,11/20/2019,Fall 2019,STAT150,Class,1,Session,Wednesday,55,48,,
281,11/20/2019,Fall 2019,ENGL134,Class,1,Session,Wednesday,55,56,,
282,11/21/2019,Fall 2019,MATH143,Class,1,Session,Thursday,51,48,,
283,11/21/2019,Fall 2019,TH210,Class,1,Session,Thursday,100,64,,
284,11/21/2019,Fall 2019,ENGL134,Class,1,Session,Thursday,55,25,,
285,11/22/2019,Fall 2019,MATH143,Class,1,Session,Friday,51,0,1,
286,11/21/2019,Fall 2019,MATH143,Textbook Questions,5,Questions,"Section 13.4: 1, 3, 9, 11, 13.",60,57,,
287,11/25/2019,Fall 2019,General,Help,1,Week,Helping others 11/18-11/25,35,0,,
288,11/18/2019,Fall 2019,STAT150,Meeting,1,Meetings,Going to Q&A thing for flex points,60,55,,
289,12/5/2019,Fall 2019,MATH143,Textbook Questions,4,Questions,• Section 13.5: 1-7 (odd).,50,113,,
290,12/5/2019,Fall 2019,MATH143,Textbook Questions,5,Questions,• section 13.6: 1-5.,50,0,1,
291,12/5/2019,Fall 2019,ENGL134,Writing,2,Pages,Appeal,150,230,,
292,12/5/2019,Fall 2019,ENGL134,Writing,2,Pages,Review,120,235,,
293,12/1/2019,Fall 2019,STAT150,Labs,1,Labs,Tidy tuesday birds,40,67,,
294,12/2/2019,Fall 2019,MATH143,Class,1,Session,Monday,50,0,1,
295,12/2/2019,Fall 2019,STAT150,Class,1,Session,Monday,50,54,,
296,12/2/2019,Fall 2019,ENGL134,Class,1,Session,Monday,55,56,,
297,12/3/2019,Fall 2019,MATH143,Class,1,Session,Tuesday,51,52,,
298,12/4/2019,Fall 2019,STAT150,Class,1,Session,Wednesday,50,49,,
299,12/4/2019,Fall 2019,ENGL134,Class,1,Session,Wednesday,55,56,,
300,12/5/2019,Fall 2019,MATH143,Class,1,Session,Thursday,51,50,,
301,12/5/2019,Fall 2019,ENGL134,Class,1,Session,Thursday,55,52,,
302,12/6/2019,Fall 2019,MATH143,Class,1,Session,Friday,51,49,,
303,12/6/2019,Fall 2019,ENGL134,Class,1,Session,Friday,42,22,,
304,12/3/2019,Fall 2019,ENGL134,Submission,1,Essays,Fresh Voices,20,13,,
305,12/4/2019,Fall 2019,STAT150,Flexpoints,2,Submissions,,6,4,,
306,12/3/2019,Fall 2019,STAT150,Meeting,1,Meetings,,57,53,,
307,12/4/2019,Fall 2019,STAT150,Blog,1,Posts,,45,32,,
308,12/5/2019,Fall 2019,TH210,Turnin,1,Submission,Paper submission in lieu of class,8,15,,
309,12/5/2019,Fall 2019,TH210,Purchase,1,Books,,20,15,,
310,12/6/2019,Fall 2019,General,Class Reviews,3,Classes,End of quarter surveys,18,13,,
311,12/10/2019,Fall 2019,ENGL134,Design,1,Project,Magazine portfolio creation,160,350,,
312,12/2/2019,Fall 2019,STAT150,Meeting,1,Meetings,Teaching presentation for flex points,60,54,,
313,12/10/2019,Fall 2019,TH210,Study,1,Tests,All studying for final,200,242,,
314,12/12/2019,Fall 2019,MATH143,Study,1,Tests,All studying for final,160,293,,
315,12/8/2019,Fall 2019,STAT150,Labs,1,Labs,Final Project,70,176,,
316,12/10/2019,Fall 2019,STAT150,Writing,6,Paragraphs,,80,57,,
317,12/9/2019,Fall 2019,STAT150,Labs,1,Labs,Recreating plot from presentation,25,1,1,
318,12/9/2019,Fall 2019,STAT150,Email,1,Email,Flex points submission,5,4,,
319,12/10/2019,Fall 2019,TH210,Tests,1,Tests,Final,60,51,,
320,12/11/2019,Fall 2019,STAT150,Writing,2,Pages,,80,78,,
321,12/13/2019,Fall 2019,MATH143,Tests,1,Tests,Final,120,90,,
322,1/5/2020,Winter 2020,ENGL145,Reading,1,Syllabus,,10,7,,
323,1/5/2020,Winter 2020,General,Preparation,1,Session,Reading emails from classes and such,12,21,,
324,1/5/2020,Winter 2020,General,Preparation,4,Classes,All remaining work before knowing my schedule and going to class Monday,20,4,,
325,11/6/2019,Winter 2020,MATH241,Class,1,Session,Monday,55,54,,
326,11/6/2019,Winter 2020,ENGL145,Class,1,Session,Monday,55,55,,
327,11/6/2019,Winter 2020,STAT301,Class,1,Session,Monday,55,51,,
328,11/6/2019,Winter 2020,STAT301,Purchase,1,Textbooks,,17,15,,
329,1/9/2020,Winter 2020,MATH241,Textbook Questions,20,Questions,12.6,120,44,,
330,1/9/2020,Winter 2020,MATH241,Textbook Questions,11,Questions,14.1,100,66,,
331,11/6/2020,Winter 2020,STAT301,Quiz,5,Questions,,5,5,,
332,1/7/2020,Winter 2020,MATH241,Class,1,Session,Tuesday,55,52,,
333,1/7/2020,Winter 2020,ENGL145,Class,1,Session,Tuesday,55,51,,
334,1/7/2020,Winter 2020,STAT301,Class,1,Session,Tuesday,53,52,,
335,1/7/2020,Winter 2020,POLS112,Class,1,Session,Tuesday,115,59,,
336,1/13/2020,Winter 2020,ENGL145,Purchase,1,Books,Elements of Argument,20,39,,
337,1/7/2020,Winter 2020,ENGL145,Brainstorm,5,Topics,Print out all,8,7,,
338,1/13/2020,Winter 2020,ENGL145,Reading,36,Pages,Textbook: Elements of Argumentation,60,66,,
339,1/7/2020,Winter 2020,POLS112,Reading,1,Sections,Krutz sec 1.1,21,33,,
340,1/9/2020,Winter 2020,POLS112,Reading,1,Sections,Krutz sec 1.2,18,11,,
341,1/14/2020,Winter 2020,POLS112,Reading,5,Pages,Hardin 1,16,20,,
342,1/23/2020,Winter 2020,POLS112,Reading,1,Sections,Hardin 2,30,20,,
343,2/5/2020,Winter 2020,POLS112,Reading,1,Sections,Hardin 4,20,13,,
344,2/5/2020,Winter 2020,POLS112,Reading,1,Sections,Hardin 6,20,6,,
345,1/7/2020,Winter 2020,STAT301,Quiz,5,Questions,Quiz 2,4,7,,
346,1/8/2020,Winter 2020,ENGL145,Writing,5,Paragraphs,Research topics,25,38,,
347,1/8/2020,Winter 2020,ENGL145,Class,1,Sessions,,55,59,,
348,1/8/2020,Winter 2020,STAT301,Class,1,Sessions,,55,52,,
349,1/8/2020,Winter 2020,STAT301,Homework,10,Paragraphs,Matching graphs and variables,40,49,,
350,1/8/2020,Winter 2020,STAT301,Homework,2,Sections,Pt. 3 and 4,40,48,,
351,1/9/2020,Winter 2020,MATH241,Class,1,Sessions,,53,55,,1
352,1/9/2020,Winter 2020,STAT301,Class,1,Sessions,,53,55,,1
353,1/9/2020,Winter 2020,POLS112,Class,1,Sessions,,100,113,,
354,1/11/2020,Winter 2020,GameDevClub,DevDay,1,Day,,300,303,,
355,1/10/2020,Winter 2020,GameDevClub,Meeting,1,Meetings,,90,84,,
356,1/10/2020,Winter 2020,MATH241,Class,1,Sessions,,53,55,,1
357,1/10/2020,Winter 2020,ENGL145,Class,1,Sessions,,53,55,,1
358,1/12/2020,Winter 2020,STAT301,Survey,1,Surveys,Baseline,15,45,,
359,1/13/2020,Winter 2020,MATH241,Class,1,Sessions,Monday,53,54,,
360,1/13/2020,Winter 2020,ENGL145,Class,1,Sessions,Monday,53,54,,
361,1/13/2020,Winter 2020,STAT301,Class,1,Sessions,Monday,53,52,,
362,1/14/2020,Winter 2020,MATH241,Class,1,Sessions,Tuesday,53,55,,1
363,1/14/2020,Winter 2020,ENGL145,Class,1,Sessions,Tuesday,53,55,,1
364,1/14/2020,Winter 2020,STAT301,Class,1,Sessions,Tuesday,53,54,,
365,1/14/2020,Winter 2020,POLS112,Class,1,Sessions,Tuesday,80,0,1,
366,1/15/2020,Winter 2020,ENGL145,Class,1,Sessions,Wednesday,53,2,1,
367,1/15/2020,Winter 2020,STAT301,Class,1,Sessions,Wednesday,53,54,,
368,1/16/2020,Winter 2020,MATH241,Class,1,Sessions,Thursday,53,55,,1
369,1/16/2020,Winter 2020,STAT301,Class,1,Sessions,Thursday,53,55,,1
370,1/16/2020,Winter 2020,POLS112,Class,1,Sessions,Thursday,80,74,,
371,1/17/2020,Winter 2020,MATH241,Class,1,Sessions,Friday,53,52,,
372,1/17/2020,Winter 2020,ENGL145,Class,1,Sessions,Friday,53,55,,
373,1/13/2020,Winter 2020,General,PolyPlanner,1,Quarter,,30,5,,
374,1/14/2020,Winter 2020,STAT301,Quiz,1,Quiz,Quiz 6,25,10,,
375,1/16/2020,Winter 2020,STAT301,Homework,1,Homework,HW #2,65,77,,
376,1/13/2020,Winter 2020,MATH241,Textbook Questions,11,Questions,14.2,44,28,,
377,1/20/2020,Winter 2020,MATH241,Textbook Questions,14,Questions,14.4,85,166,,
378,1/19/2020,Winter 2020,General,Help,1,Week,Helping others for week 2 ,30,11,,1
379,1/21/2020,Winter 2020,ENGL145,Reading,28,Pages,Textbook: Elements of Argumentation Chapter 2,65,14,,
380,1/14/2020,Winter 2020,General,Housing Application,1,Application,,30,57,,
381,1/15/2020,Winter 2020,GameDevClub,Meeting,1,Meetings,,90,88,,
382,1/18/2020,Winter 2020,GameDevClub,DevDay,1,Meetings,,300,264,,
383,2/11/2020,Winter 2020,MATH241,Textbook Questions,12,Questions,14.5,80,0,1,
384,1/21/2020,Winter 2020,MATH241,Class,1,Sessions,Tuesday,53,43,,
385,1/21/2020,Winter 2020,ENGL145,Class,1,Sessions,Tuesday,53,52,,
386,1/21/2020,Winter 2020,STAT301,Class,1,Sessions,Tuesday,53,54,,
387,1/22/2020,Winter 2020,ENGL145,Class,1,Sessions,Wednesday,53,52,,
388,1/22/2020,Winter 2020,STAT301,Class,1,Sessions,Wednesday,53,51,,
389,1/23/2020,Winter 2020,MATH241,Class,1,Sessions,Thursday,53,45,,
390,1/23/2020,Winter 2020,STAT301,Class,1,Sessions,Thursday,53,51,,
391,1/23/2020,Winter 2020,POLS112,Class,1,Sessions,Thursday,80,57,,
392,1/24/2020,Winter 2020,MATH241,Class,1,Sessions,Friday,53,51,,1
393,1/24/2020,Winter 2020,ENGL145,Class,1,Sessions,Friday,53,55,,1
394,1/22/2020,Winter 2020,GameDevClub,Meeting,1,Meetings,Wednesday,90,67,,
395,1/25/2020,Winter 2020,GameDevClub,DevDay,1,Meetings,Saturday,290,235,,
396,1/21/2020,Winter 2020,ENGL145,Reading,1,Chapters,Textbook: Elements of Argumentation Chapter 6,25,36,,
397,1/23/2020,Winter 2020,ENGL145,Writing,1,Pages,Article Summary,28,31,,
398,1/25/2020,Winter 2020,GameDevClub,Coding,1,Tasks,"Completing gun to point and shoot, and follow player before dev day",180,34,1,
399,1/21/2020,Winter 2020,STAT301,Quiz,1,Quizzes,Quiz 9,10,7,,
400,3/10/2020,Winter 2020,STAT301,Flex,1,Analysis,Tidy Tuesday for flex points,40,167,,
401,2/1/2020,Winter 2020,STAT301,Projects,2,Projects,W/ karina & adrienne idk,90,60,,
402,1/22/2020,Winter 2020,ENGL145,Reading,4,Articles,,35,42,,
403,1/26/2020,Winter 2020,MATH241,Textbook Questions,16,Questions,14.6,120,166,,
404,1/27/2020,Winter 2020,MATH241,Textbook Questions,10,Questions,14.7,40,111,,
405,1/26/2020,Winter 2020,ENGL145,Writing,2,Pages,,200,99,,
406,1/27/2020,Winter 2020,MATH241,Class,1,Sessions,Monday,53,55,,1
407,1/27/2020,Winter 2020,ENGL145,Class,1,Sessions,Monday,53,55,,1
408,1/27/2020,Winter 2020,STAT301,Class,1,Sessions,Monday,53,55,,1
409,1/28/2020,Winter 2020,MATH241,Class,1,Sessions,Tuesday,53,55,,1
410,1/28/2020,Winter 2020,ENGL145,Class,1,Sessions,Tuesday,53,55,,1
411,1/28/2020,Winter 2020,STAT301,Class,1,Sessions,Tuesday,53,55,,1
412,1/28/2020,Winter 2020,POLS112,Class,1,Sessions,Tuesday,80,60,,
413,1/29/2020,Winter 2020,ENGL145,Class,1,Sessions,Wednesday,53,55,,1
414,1/29/2020,Winter 2020,STAT301,Class,1,Sessions,Wednesday,53,55,,1
415,1/30/2020,Winter 2020,MATH241,Class,1,Sessions,Thursday,53,39,,
416,1/30/2020,Winter 2020,STAT301,Class,1,Sessions,Thursday,53,38,,
417,1/30/2020,Winter 2020,POLS112,Class,1,Sessions,Thursday,80,68,,
418,1/31/2020,Winter 2020,MATH241,Class,1,Sessions,Friday,53,52,,
419,1/31/2020,Winter 2020,ENGL145,Class,1,Sessions,Friday,53,50,,
420,1/27/2020,Winter 2020,STAT301,Quiz,2,Quizzes,,14,25,,
421,1/28/2020,Winter 2020,STAT301,Daily Check,1,Review,,5,4,,
422,1/29/2020,Winter 2020,ENGL145,Study,1,Quiz,Words and stuff,14,7,,
423,1/30/2020,Winter 2020,STAT301,Quiz,1,Quizzes,,10,16,,
424,2/6/2020,Winter 2020,STAT301,Homework,1,Homeworks,HW4,130,171,,
425,2/2/2020,Winter 2020,ENGL145,Writing,1.5,Pages,Must write intro and few paragraphs explaining thesis before Monday ,120,97,,
426,2/2/2020,Winter 2020,GameDevClub,GameJam,1,Event,,1560,1580,,
427,2/3/2020,Winter 2020,MATH241,Class,1,Sessions,Monday,53,55,,1
428,2/3/2020,Winter 2020,ENGL145,Class,1,Sessions,Monday,53,55,,1
429,2/3/2020,Winter 2020,STAT301,Class,1,Sessions,Monday,53,55,,1
430,2/4/2020,Winter 2020,MATH241,Class,1,Sessions,Tuesday,53,49,,
431,2/4/2020,Winter 2020,ENGL145,Class,1,Sessions,Tuesday,53,0,,1
432,2/4/2020,Winter 2020,STAT301,Class,1,Sessions,Tuesday,53,48,,
433,2/4/2020,Winter 2020,POLS112,Class,1,Sessions,Tuesday,80,68,,
434,2/5/2020,Winter 2020,ENGL145,Class,1,Sessions,Wednesday,53,49,,
435,2/5/2020,Winter 2020,STAT301,Class,1,Sessions,Wednesday,53,51,,
436,2/6/2020,Winter 2020,MATH241,Class,1,Sessions,Thursday,53,53,,
437,2/6/2020,Winter 2020,STAT301,Class,1,Sessions,Thursday,53,50,,
438,2/6/2020,Winter 2020,POLS112,Class,1,Sessions,Thursday,80,67,,
439,2/7/2020,Winter 2020,MATH241,Class,1,Sessions,Friday,53,55,,1
440,2/7/2020,Winter 2020,ENGL145,Class,1,Sessions,Friday,53,55,,1
441,2/5/2020,Winter 2020,POLS112,Reading,4,Sections,Kurtz 2.1-2.4,60,47,,
442,2/5/2020,Winter 2020,POLS112,Reading,2,Sections,"Kurtz 11.1,11.2",30,25,,
443,2/5/2020,Winter 2020,POLS112,Reading,2,Sections,Kurtz 11.3 11.4,50,28,,
444,2/5/2020,Winter 2020,POLS112,Reading,4,Sections,Kurtz 12.1 12.3-12.5,75,30,,
445,2/4/2020,Winter 2020,ENGL145,Writing,1,Pages,Until draft 2,130,89,,
446,2/5/2020,Winter 2020,GameDevClub,Meeting,1,Meetings,,90,71,,
447,3/10/2020,Winter 2020,General,Class Signups,1,Quarter,All work in signing up for Spring classes,160,188,,
448,2/7/2020,Winter 2020,STAT301,Quiz,1,Quizzes,,10,5,,
449,2/8/2020,Winter 2020,GameDevClub,DevDay,1,DevDay,,240,295,,
450,2/9/2020,Winter 2020,ENGL145,Writing,1.5,Pages,All finalizing and turning in Claim of Fact essay,150,115,,
451,2/10/2020,Winter 2020,MATH241,Textbook Questions,8,Questions,15.1,82,83,,
452,2/10/2020,Winter 2020,MATH241,Textbook Questions,18,Questions,15.2,100,116,,
453,2/10/2020,Winter 2020,MATH241,Textbook Questions,8,Questions,15.3,70,54,,
454,2/10/2020,Winter 2020,MATH241,Class,1,Sessions,Tuesday,50,48,,
455,2/10/2020,Winter 2020,ENGL145,Class,1,Sessions,Tuesday,50,56,,
456,2/10/2020,Winter 2020,STAT301,Class,1,Sessions,Tuesday,50,52,,
457,2/11/2020,Winter 2020,POLS112,Class,1,Sessions,Tuesday,70,55,,1
458,2/11/2020,Winter 2020,ENGL145,Class,1,Sessions,Wednesday,50,55,,1
459,2/11/2020,Winter 2020,STAT301,Class,1,Sessions,Wednesday,50,55,,1
460,2/11/2020,Winter 2020,MATH241,Class,1,Sessions,Thursday,50,55,,1
461,2/12/2020,Winter 2020,STAT301,Class,1,Sessions,Thursday,50,55,,1
462,2/12/2020,Winter 2020,POLS112,Class,1,Sessions,Thursday,70,55,,1
463,2/13/2020,Winter 2020,MATH241,Class,1,Sessions,Friday,50,55,,1
464,2/13/2020,Winter 2020,ENGL145,Class,1,Sessions,Friday,50,55,,1
465,2/13/2020,Winter 2020,ENGL145,Reading,5,Articles,,50,20,,
466,2/14/2020,Winter 2020,ENGL145,Writing,1,Summary,Article Summary,14,0,1,
467,2/14/2020,Winter 2020,ENGL145,Class,1,Sessions,Friday,53,0,1,
468,2/10/2020,Winter 2020,MATH241,Textbook Questions,15,Questions,15.4,140,96,,
469,2/10/2020,Winter 2020,STAT301,Quiz,1,Quizzes,,10,9,,
470,2/11/2020,Winter 2020,ENGL145,Purchase,1,Books,The things they carry,8,8,,
471,2/13/2020,Winter 2020,POLS112,Purchase,1,Items,Scantron/s for midterm,7,7,,
472,2/12/2020,Winter 2020,ENGL145,Reading,52,Pages,The things they carry p 118-170,80,43,1,
473,2/13/2020,Winter 2020,ENGL145,Reading,36,Pages,The things they carry p 171-207,50,70,,
474,2/15/2020,Winter 2020,MATH241,Textbook Questions,15,Questions,"15.5 3,5,10,13,19,21,23,25,27,30,32,33,34,35,36",130,271,1,
475,2/17/2020,Winter 2020,MATH241,Textbook Questions,11,Questions,"15.6 1,3,8,9,13,17,23,25,29,31,34",100,240,,
476,2/13/2020,Winter 2020,STAT301,Survey,1,Surveys,Q1 of HW5,15,2,,
477,2/13/2020,Winter 2020,STAT301,Homework,1,Questions,Q2,40,58,,
478,2/14/2020,Winter 2020,STAT301,Homework,1,Questions,Q3,40,17,,
479,2/14/2020,Winter 2020,STAT301,Homework,1,Questions,Q4,40,56,,
480,2/14/2020,Winter 2020,STAT301,Quiz,1,Quizzes,Quiz 21,15,7,,
481,2/15/2020,Winter 2020,GameDevClub,DevDay,1,DevDay,,250,132,,
482,2/26/2020,Winter 2020,STAT301,Projects,1,Experiments,"Experiment, AKA Project 2",180,112,,
483,2/21/2020,Winter 2020,STAT301,Homework,3,Questions,HW6,180,299,,
484,2/18/2020,Winter 2020,STAT301,Quiz,1,Quizzes,Quiz 20,10,16,,
485,2/18/2020,Winter 2020,MATH241,Class,1,Sessions,Tuesday,52,16,,
486,2/18/2020,Winter 2020,ENGL145,Class,1,Sessions,Tuesday,52,44,,
487,2/18/2020,Winter 2020,STAT301,Class,1,Sessions,Tuesday,52,54,,
488,2/18/2020,Winter 2020,POLS112,Class,1,Sessions,Tuesday,70,2,1,
489,2/19/2020,Winter 2020,ENGL145,Class,1,Sessions,Wednesday,52,45,,
490,2/19/2020,Winter 2020,STAT301,Class,1,Sessions,Wednesday,52,45,,
491,2/20/2020,Winter 2020,MATH241,Class,1,Sessions,Thursday,52,44,,
492,2/20/2020,Winter 2020,STAT301,Class,1,Sessions,Thursday,51,44,,
493,2/20/2020,Winter 2020,POLS112,Class,1,Sessions,Thursday,70,87,,
494,2/21/2020,Winter 2020,MATH241,Class,1,Sessions,Friday,50,46,,1
495,2/21/2020,Winter 2020,ENGL145,Class,1,Sessions,Friday,50,54,,1
496,2/19/2020,Winter 2020,STAT301,Quiz,1,Projects,Quiz 22 but more like a project,40,28,,
497,2/22/2020,Winter 2020,ENGL145,Writing,1,Outlines,,70,51,,
498,2/22/2020,Winter 2020,GameDevClub,Devday,1,DevDay,,240,173,,
499,2/28/2020,Winter 2020,General,Help,1,Week,2/22-next Fri,30,20,,
500,2/24/2020,Winter 2020,MATH241,Textbook Questions,23,Questions,"15.7 5,9,11,12,14,15,17,25,30,32.33.37.39.41,43,49,51,52,54,56,58,62,78",200,287,,
501,2/24/2020,Winter 2020,MATH241,Textbook Questions,17,Questions,"16.1 1-8,9,11,13,15,20,25,27,30,35",150,134,,
502,2/24/2020,Winter 2020,MATH241,Class,1,Sessions,Monday,50,48,,
503,2/24/2020,Winter 2020,ENGL145,Class,1,Sessions,Monday,50,56,,
504,2/24/2020,Winter 2020,STAT301,Class,1,Sessions,Monday,50,52,,
505,2/25/2020,Winter 2020,MATH241,Class,1,Sessions,Tuesday,50,45,,
506,2/25/2020,Winter 2020,ENGL145,Class,1,Sessions,Tuesday,50,53,,
507,2/25/2020,Winter 2020,STAT301,Class,1,Sessions,Tuesday,50,52,,
508,2/25/2020,Winter 2020,POLS112,Class,1,Sessions,Tuesday,70,73,,
509,2/26/2020,Winter 2020,ENGL145,Class,1,Sessions,Wednesday,50,41,,
510,2/26/2020,Winter 2020,STAT301,Class,1,Sessions,Wednesday,50,53,,1
511,2/27/2020,Winter 2020,MATH241,Class,1,Sessions,Thursday,50,37,,
512,2/27/2020,Winter 2020,STAT301,Class,1,Sessions,Thursday,49,53,,
513,2/27/2020,Winter 2020,POLS112,Class,1,Sessions,Thursday,70,65,,1
514,2/28/2020,Winter 2020,MATH241,Class,1,Sessions,Friday,49,51,,
515,2/28/2020,Winter 2020,ENGL145,Class,1,Sessions,Friday,49,56,,
516,2/24/2020,Winter 2020,ENGL145,Reading,5,Articles,,50,10,1,
517,2/24/2020,Winter 2020,ENGL145,Writing,1,Summary,Article Summary,14,10,,
518,3/8/2020,Winter 2020,MATH241,Textbook Questions,14,Questions,"16.2 3,7,12,14,15,20,21,25,29,31,34,38,47,51",180,236,,
519,2/26/2020,Winter 2020,GameDevClub,Meeting,1,Meetings,,90,95,,
520,2/27/2020,Winter 2020,ENGL145,Debrief,1,Session,Reading teacher's essay critique,20,15,,1
521,3/16/2020,Winter 2020,ENGL145,Writing,4,Pages,Re-writing claim of fact essay,240,414,,
522,2/29/2020,Winter 2020,GameDevClub,Devday,1,DevDay,,220,239,,
523,3/2/2020,Winter 2020,STAT301,Quiz,1,Quizzes,,10,20,,
524,3/2/2020,Winter 2020,MATH241,Class,1,Sessions,Monday,50,0,1,
525,3/2/2020,Winter 2020,ENGL145,Class,1,Sessions,Monday,50,43,,
526,3/2/2020,Winter 2020,STAT301,Class,1,Sessions,Monday,50,47,,
527,3/3/2020,Winter 2020,MATH241,Class,1,Sessions,Tuesday,50,46,,
528,3/3/2020,Winter 2020,ENGL145,Class,1,Sessions,Tuesday,50,54,,
529,3/3/2020,Winter 2020,STAT301,Class,1,Sessions,Tuesday,50,48,,
530,3/3/2020,Winter 2020,POLS112,Class,1,Sessions,Tuesday,70,53,,
531,3/4/2020,Winter 2020,ENGL145,Class,1,Sessions,Wednesday,50,0,1,
532,3/4/2020,Winter 2020,STAT301,Class,1,Sessions,Wednesday,50,49,,
533,3/5/2020,Winter 2020,MATH241,Class,1,Sessions,Thursday,50,48,,
534,3/5/2020,Winter 2020,STAT301,Class,1,Sessions,Thursday,49,50,,
535,3/5/2020,Winter 2020,POLS112,Class,1,Sessions,Thursday,70,74,,1
536,3/6/2020,Winter 2020,MATH241,Class,1,Sessions,Friday,49,49,,1
537,3/6/2020,Winter 2020,ENGL145,Class,1,Sessions,Friday,49,52,,1
538,3/4/2020,Winter 2020,STAT301,Homework,1,Sections,,60,60,,
539,3/4/2020,Winter 2020,STAT301,Homework,1,Sections,,60,39,,
540,3/4/2020,Winter 2020,STAT301,Homework,1,Sections,,60,50,,
541,3/9/2020,Winter 2020,MATH241,Textbook Questions,14,Questions,"16.3  3-21 odd, 25, 27, 29, 32",180,107,,
542,3/9/2020,Winter 2020,MATH241,Textbook Questions,10,Questions,"16.4 5-11 odd, 15, 19, 22, 26, 27, 28",180,109,,
543,3/9/2020,Winter 2020,STAT301,Quiz,1,Quizzes,,15,9,,
544,3/9/2020,Winter 2020,MATH241,Class,1,Sessions,Monday,50,45,,
545,3/9/2020,Winter 2020,ENGL145,Class,1,Sessions,Monday,50,45,,
546,3/9/2020,Winter 2020,STAT301,Class,1,Sessions,Monday,50,45,,
547,3/10/2020,Winter 2020,MATH241,Class,1,Sessions,Tuesday,50,34,,
548,3/10/2020,Winter 2020,ENGL145,Class,1,Sessions,Tuesday,50,0,1,
549,3/10/2020,Winter 2020,STAT301,Class,1,Sessions,Tuesday,50,48,,
550,3/10/2020,Winter 2020,POLS112,Class,1,Sessions,Tuesday,70,0,1,
551,3/11/2020,Winter 2020,ENGL145,Class,1,Sessions,Wednesday,50,0,1,
552,3/11/2020,Winter 2020,STAT301,Class,1,Sessions,Wednesday,50,47,,
553,3/12/2020,Winter 2020,MATH241,Class,1,Sessions,Thursday,50,35,,
554,3/12/2020,Winter 2020,STAT301,Class,1,Sessions,Thursday,49,45,,
555,3/12/2020,Winter 2020,POLS112,Class,1,Sessions,Thursday,70,83,,
556,3/13/2020,Winter 2020,MATH241,Class,1,Sessions,Friday,49,0,1,
557,3/13/2020,Winter 2020,ENGL145,Class,1,Sessions,Friday,49,21,,
558,3/11/2020,Winter 2020,STAT301,Quiz,1,Quizzes,,13,7,,
559,3/11/2020,Winter 2020,STAT301,Homework,1,Questions,,60,34,,
560,3/11/2020,Winter 2020,STAT301,Homework,1,Questions,,60,38,,
561,3/11/2020,Winter 2020,STAT301,Homework,1,Questions,,60,26,,
562,3/17/2020,Winter 2020,STAT301,Projects,1,Projects,,150,260,,
563,3/16/2020,Winter 2020,POLS112,Misc,1,Misc,Cancel final,3,1,,
564,3/19/2020,Winter 2020,ENGL145,Writing,3,Pages,"Finishing claim of policy, using some prewritten material and some new",260,471,,
565,4/5/2020,Spring 2020,General,Prep,1,Quarter,Preparing for first day of all 4 Spring 2020 classes.,30,43,,
566,4/7/2020,Spring 2020,ANT201,Lesson,1,Lessons,1,95,96,,
567,4/14/2020,Spring 2020,ANT201,Lesson,1,Lessons,2.1,65,64,,
568,4/16/2020,Spring 2020,ANT201,Lesson,1,Lessons,2.2,65,54,,
569,4/21/2020,Spring 2020,ANT201,Lesson,1,Lessons,3.1,65,47,,
570,4/22/2020,Spring 2020,ANT201,Lesson,1,Lessons,3.2,90,66,,
571,4/6/2020,Spring 2020,ANT201,Lesson,1,Lessons,Welcome video,35,35,,
572,4/7/2020,Spring 2020,CPE101,Setup,1,Session,Setting up for first python commands,40,59,,
573,4/6/2020,Spring 2020,MATH206,Class,1,Session,First Zoom Meet Monday 4/6 9:30,30,34,,
574,4/6/2020,Spring 2020,MATH206,Purchase,1,Books,,10,6,,
575,4/7/2020,Spring 2020,ANT201,Purchase,1,Books,,10,23,,
576,4/6/2020,Spring 2020,STAT302,Class,1,Session,,45,59,,
577,4/6/2020,Spring 2020,STAT302,Reading,17,Pages,,45,15,,
578,4/6/2020,Spring 2020,STAT302,Reading Quiz,1,Quizzes,,15,21,,
579,4/6/2020,Spring 2020,STAT302,Practice,2,Questions,,6,1,1,
580,4/6/2020,Spring 2020,STAT302,Homework,2,Questions,Week 1: Q 1-2,30,23,,
581,4/6/2020,Spring 2020,STAT302,Survey,1,Surveys,STAT 302 Course Survey,8,1,,
582,4/7/2020,Spring 2020,MATH206,Scanning,1,Session,Looking for tasks,6,6,,
583,5/8/2020,Spring 2020,ANT201,Quiz,1,Quizzes,,25,97,,
584,4/7/2020,Spring 2020,MATH206,Lecture,1,Lectures,Lecture 1 part 2,19,20,,
585,4/9/2020,Spring 2020,MATH206,Homework,8,Questions,"HW 1: §1.1: 1, 2, 5, 6, 7, 8, 9, 10",40,34,,
586,4/8/2020,Spring 2020,STAT302,Reading,34,Pages,,40,29,,
587,4/8/2020,Spring 2020,STAT302,Quiz,1,Quizzes,,10,35,,
588,4/10/2020,Spring 2020,STAT302,Lab,1,Labs,1,25,24,,
589,4/14/2020,Spring 2020,STAT302,Lab,1,Labs,1.2 - beetles,25,0,1,
590,4/13/2020,Spring 2020,STAT302,Practice,10,Questions,,10,6,,
591,4/8/2020,Spring 2020,STAT302,Homework,4,Questions,,50,150,,
592,4/13/2020,Spring 2020,CPE101,Problems Sets,1,Sets,,120,111,,
593,4/10/2020,Spring 2020,MATH206,Lectures,1,Lectures,,36,32,,
594,4/10/2020,Spring 2020,MATH206,Homework,9,Questions,"HW 2 §1.2: 2, 3, 9, 10, 11, 14, 17, 19, 21",60,55,,
595,4/14/2020,Spring 2020,MATH206,Lectures,1,Lectures,Lecture 3,50,53,,
596,4/14/2020,Spring 2020,MATH206,Homework,7,Questions,"§1.3: 1, 5, 7, 8, 12, 13, 15",30,48,,
597,4/11/2020,Spring 2020,ANT201,Misc,1,Lessons,Instructions for ethnography project,22,18,,
598,4/13/2020,Spring 2020,STAT302,Reading,1,Sections,,30,22,,
599,4/13/2020,Spring 2020,STAT302,Reading,1,Sections,,30,29,,
600,4/13/2020,Spring 2020,STAT302,Quiz,1,Quizzes,,20,22,,
601,4/14/2020,Spring 2020,STAT302,Practice,6,Questions,,6,3,,
602,4/13/2020,Spring 2020,STAT302,Homework,4,Questions,,60,80,,
603,4/14/2020,Spring 2020,STAT302,Videos,5,Videos,,13,3,,
604,4/13/2020,Spring 2020,STAT302,Homework,2,Questions,,25,26,,
605,4/15/2020,Spring 2020,MATH206,Lectures,1,Lectures,,39,34,,
606,4/16/2020,Spring 2020,MATH206,Homework,15,Questions,"§1.4: 3-10, 18, 19, 21, 23, 25, 26, 28, 50",70,55,,
607,4/20/2020,Spring 2020,MATH206,Lectures,1,Lectures,,32,23,,
608,4/20/2020,Spring 2020,MATH206,Homework,10,Questions,"§1.5: 1, 4, 5, 7, 9, 11, 13, 16, 18, 21, 23",60,22,,
609,4/15/2020,Spring 2020,STAT302,Reading,1,Sections,Read Example 1.5.,20,5,,
610,4/15/2020,Spring 2020,STAT302,Explorations,2,Explorations,"1.4,1.5",50,78,,
611,4/23/2020,Spring 2020,MATH206,Review,1,Quiz,Going over Quiz 1 (below),20,7,,
612,4/19/2020,Spring 2020,STAT302,Homework,3,Questions,5-7,35,77,,
613,4/24/2020,Spring 2020,ANT201,Draft,1,Items,Questions for interviews,140,28,,
614,4/15/2020,Spring 2020,ANT201,Discussion,1,Session,Over Zoom,25,38,,
615,4/20/2020,Spring 2020,MATH206,Lectures,1,Lectures,Lecture 6,40,41,,
616,4/17/2020,Spring 2020,STAT302,Reading,7,Pages,,28,31,,
617,4/17/2020,Spring 2020,STAT302,Videos,3,Videos,,12,7,,
618,4/17/2020,Spring 2020,STAT302,Quiz,1,Quiz,Reading Quiz 1.6,20,11,,
619,4/17/2020,Spring 2020,STAT302,Practice,2,Problems,W2:10-11,4,22,,
620,4/17/2020,Spring 2020,STAT302,Homework,1,Problems,,25,48,,
621,4/17/2020,Spring 2020,STAT302,Quiz,1,Quiz,End of week quiz,25,31,,
622,4/18/2020,Spring 2020,CPE101,Problem Sets,1,Sets,,70,61,,
623,4/23/2020,Spring 2020,CPE101,Problem Sets,1,Sets,,80,142,,
624,4/20/2020,Spring 2020,STAT302,Reading,1,Sections,Example 2.1,30,20,,
625,4/20/2020,Spring 2020,STAT302,Quiz,1,Quiz,,20,32,,
626,4/20/2020,Spring 2020,STAT302,Practice,7,Problems,,14,6,,
627,4/24/2020,Spring 2020,STAT302,Homework,2,Problems,,52,54,,
628,4/21/2020,Spring 2020,MATH206,Homework,1,Problems,"§1.6: 2, 4, 5, 9, 13, 15",35,42,,
629,4/21/2020,Spring 2020,MATH206,Homework,1,Problems,"§1.7: 3, 4, 8, 11, 14, 19, 26",35,17,,
630,4/23/2020,Spring 2020,MATH206,Quiz,1,Quiz,Quiz 1,40,52,,
631,4/23/2020,Spring 2020,MATH206,Lecture,1,Lectures,Lecture 7,71,71,,
632,4/24/2020,Spring 2020,MATH206,Homework,14,Problems,"HW 7 §1.8: 2, 3, 5, 7, 12, 13, 16, 17, 19, 21, 22, 23, 24, 28",40,29,,
633,4/24/2020,Spring 2020,MATH206,Lecture,1,Lectures,Lecture 8,20,16,,
634,4/25/2020,Spring 2020,MATH206,Homework,9,Problems,"HW 8 §1.8: 29, 31, 34, 35, 37, 40, 45, 46, 48",45,47,,
635,4/21/2020,Spring 2020,STAT302,Reading,1,Examples,,25,24,,
636,4/21/2020,Spring 2020,STAT302,Quiz,1,Quiz,,20,29,,
637,4/22/2020,Spring 2020,STAT302,Exploration,1,Activity,,30,133,,
638,4/22/2020,Spring 2020,STAT302,Quiz,1,Quiz,,20,11,,
639,4/26/2020,Spring 2020,STAT302,Practice,5,Problems,,12,13,,
640,4/26/2020,Spring 2020,STAT302,Homework,2,Problems,,40,52,,
641,4/22/2020,Spring 2020,ANT201,Reading,1,Chapters,Chapter 1,40,53,,
642,4/26/2020,Spring 2020,ANT201,Reading,1,Chapters,Chapter 2,50,46,,
643,4/29/2020,Spring 2020,ANT201,Reading,1,Chapters,Chapter 3,50,44,,
644,5/1/2020,Spring 2020,ANT201,Reading,1,Chapters,Chapter 12,50,106,,
645,5/5/2020,Spring 2020,ANT201,Reading,1,Chapters,Chapter 5,50,68,,
646,5/8/2020,Spring 2020,ANT201,Reading,1,Chapters,Chapter 11,50,52,,
647,4/24/2020,Spring 2020,STAT302,Reading,1,Examples,Ex. 2.3,41,31,,
648,4/24/2020,Spring 2020,STAT302,Quiz,1,Quiz,,20,18,,
649,5/6/2020,Spring 2020,STAT302,Exploration,1,Explorations,,70,22,,
650,4/23/2020,Spring 2020,STAT302,Practice,3,Problems,,6,5,,
651,4/26/2020,Spring 2020,STAT302,Quiz,1,Quiz,Endo of week quiz,20,34,,
652,5/2/2020,Spring 2020,CPE101,Projects,1,Projects,Moon Lander,150,209,,
653,4/27/2020,Spring 2020,STAT302,Revisions,1,Questions,W3 Q4,20,8,,
654,4/27/2020,Spring 2020,MATH206,Lecture,1,Lectures,8,27,18,1,
655,4/27/2020,Spring 2020,MATH206,Homework,1,Sections,"§1.8: 29, 31, 34, 35, 37, 40, 45, 46, 48",50,0,1,
656,4/27/2020,Spring 2020,MATH206,Lecture,1,Lectures,9,30,21,,
657,4/27/2020,Spring 2020,MATH206,Homework,1,Sections,"§1.9: 1, 5, 7, 9, 10, 11, 14, 15, 19, 21, 24",50,40,,
658,4/27/2020,Spring 2020,MATH206,Quiz,1,Quiz,"Quiz 2, including review",65,37,,
659,4/28/2020,Spring 2020,MATH206,Lecture,1,Lectures,10,35,34,,
660,4/28/2020,Spring 2020,MATH206,Homework,1,Sections,"§2.1: 6, 7, 15, 16, 19 b, c, f, 21, 25, 29, 30",50,52,,
661,4/28/2020,Spring 2020,MATH206,Lecture,1,Lectures,11,26,12,,
662,4/28/2020,Spring 2020,MATH206,Homework,1,Sections,"§2.2: 2, 6, 11, 15, 17, 19, 23, 24, 29",50,36,,
663,4/29/2020,Spring 2020,MATH206,Lecture,1,Lectures,12,22,18,,
664,4/29/2020,Spring 2020,MATH206,Homework,1,Sections,"§2.3: 2, 5, 11, 12, 15, 19, 20, 21, 33, 34",50,31,,
665,4/29/2020,Spring 2020,MATH206,Lecture,1,Lectures,13,21,12,,
666,4/29/2020,Spring 2020,MATH206,Homework,1,Sections,"§2.3: 24, 25, 27, 31, 32",50,45,,
667,4/27/2020,Spring 2020,STAT302,Prep,1,Test,,20,25,,
668,4/28/2020,Spring 2020,STAT302,Test,1,Test,,55,59,,
669,4/29/2020,Spring 2020,CPE101,Problem Sets,12,Functions,,150,160,,
670,5/3/2020,Spring 2020,ANT201,Interview,3,Interviews,,70,235,,
671,4/29/2020,Spring 2020,MATH206,Study,1,Tests,,60,45,,
672,5/1/2020,Spring 2020,MATH206,Tests,1,Tests,,60,77,,
673,5/9/2020,Spring 2020,STAT302,Reading,1,Sections,,40,28,,
674,5/4/2020,Spring 2020,STAT302,Quiz,1,Quiz,RQ 3.1,18,0,1,
675,5/9/2020,Spring 2020,STAT302,Exploration,1,Explorations,,25,10,,
676,5/9/2020,Spring 2020,STAT302,Reading,1,Sections,,40,30,,
677,5/4/2020,Spring 2020,STAT302,Quiz,1,Quiz,RQ 3.2,18,0,1,
678,5/11/2020,Spring 2020,STAT302,Exploration,1,Explorations,Exploration 3.2,25,0,1,
679,5/10/2020,Spring 2020,STAT302,Homework,5,Questions,,200,88,,
680,5/3/2020,Spring 2020,ANT201,Interview,2,Interviews,"Supplemental ones, mostly unused, from Grandma's invites",40,48,,
681,5/6/2020,Spring 2020,ANT201,Writing,2,Pages,First draft,150,215,,
682,5/5/2020,Spring 2020,STAT302,Reading,2,Examples,,50,37,1,
683,5/5/2020,Spring 2020,STAT302,Quiz,1,Quiz,,20,26,,
684,5/10/2020,Spring 2020,STAT302,Homework,3,Questions,,70,83,,
685,5/4/2020,Spring 2020,CPE101,Problem Sets,1,Sets,,120,204,,
686,5/5/2020,Spring 2020,ANT201,Lesson,1,Lessons,4,120,56,,
687,5/7/2020,Spring 2020,ANT201,Lesson,1,Lessons,4.2,20,14,,
688,5/7/2020,Spring 2020,ANT201,Lesson,1,Lessons,4.3,40,32,,
689,5/7/2020,Spring 2020,ANT201,Lesson,1,Lessons,5.1,120,101,,
690,5/8/2020,Spring 2020,ANT201,Lesson,1,Lessons,5.2,30,28,,
691,5/8/2020,Spring 2020,ANT201,Lesson,1,Lessons,5.3,20,22,,
692,5/7/2020,Spring 2020,STAT302,Reading,2,Examples,Chapter 4 - Examples 4.1 and 4.2,60,47,,
693,5/7/2020,Spring 2020,STAT302,Quiz,1,Quiz,,20,21,,
694,5/11/2020,Spring 2020,STAT302,Practice,8,Questions,1-8,20,0,1,
695,5/10/2020,Spring 2020,STAT302,Reading,1,Examples,4.2,25,13,,
696,5/10/2020,Spring 2020,STAT302,Quiz,1,Quiz,,20,25,,
697,5/11/2020,Spring 2020,STAT302,Exploration,1,Explorations,4.2,60,0,1,
698,5/11/2020,Spring 2020,STAT302,Exploration,1,Explorations,4.2,60,0,1,
699,5/10/2020,Spring 2020,STAT302,Homework,4,Questions,9-12,120,69,,
700,5/11/2020,Spring 2020,MATH206,Lecture,1,Lectures,14,48,24,,
701,5/11/2020,Spring 2020,MATH206,Homework,6,Problems,"§4.1: 1, 2, 4, 6, 11, 12",45,36,,
702,5/11/2020,Spring 2020,MATH206,Lecture,1,Lectures,15,48,0,1,
703,5/11/2020,Spring 2020,MATH206,Homework,10,Problems,"§4.2: 2, 4, 5, 9, 12, 14, 17 (a), 17 (b), 19 (a), 19 (c), ",45,42,,
704,5/11/2020,Spring 2020,MATH206,Lecture,1,Lectures,16,39,0,1,
705,5/11/2020,Spring 2020,MATH206,Homework,8,Problems,"§4.3: 1, 2, 4, 6, 8, 12, 13, 14",45,72,,
706,5/12/2020,Spring 2020,MATH206,Lecture,1,Lectures,17,38,29,,
707,5/12/2020,Spring 2020,MATH206,Homework,8,Problems,"§4.3: 7, 9, 10, 11, 15, 16, 17, 20",45,48,,
708,5/15/2020,Spring 2020,MATH206,Quiz,1,Quiz,Quiz 3,55,33,,
709,5/13/2020,Spring 2020,ANT201,Peer Review,1,Projects,,30,32,,
710,5/10/2020,Spring 2020,STAT302,Quiz,1,Quiz,End of week 5 quiz,25,20,,
711,5/13/2020,Spring 2020,ANT201,Peer Review,1,Projects,,30,27,,
712,5/11/2020,Spring 2020,STAT302,Reading,1,Examples,,25,27,,
713,5/11/2020,Spring 2020,STAT302,Reading Quiz,1,Quiz,,20,22,,
714,5/13/2020,Spring 2020,STAT302,Exploration,1,Explorations,,60,14,,
715,5/13/2020,Spring 2020,STAT302,Practice,6,Questions,,8,11,,
716,5/12/2020,Spring 2020,CPE101,Problem Sets,1,Problem Sets,Set 6,140,169,,
717,5/15/2020,Spring 2020,CPE101,Projects,1,Projects,Project 2 - word search,270,324,,
718,5/15/2020,Spring 2020,MATH206,Lecture,1,Lectures,18,28,36,,
719,5/16/2020,Spring 2020,MATH206,Homework,8,Problems,"§4.4: 1, 2, 4, 5, 7, 9, 13, 14",45,49,,
720,5/17/2020,Spring 2020,MATH206,Lecture,1,Lectures,19,34,23,,
721,5/17/2020,Spring 2020,MATH206,Homework,11,Problems,"§4.5: 2, 4, 5, 7, 8, 12, 14, 15, 18, 19, 21",45,23,,
722,5/13/2020,Spring 2020,STAT302,Homework,2,Questions,,40,44,,
723,5/13/2020,Spring 2020,STAT302,Reading,1,Examples,4.4,30,19,,
724,5/13/2020,Spring 2020,STAT302,Quiz,1,Quiz,,25,20,,
725,5/13/2020,Spring 2020,STAT302,Practice,5,Questions,,8,7,,
726,5/13/2020,Spring 2020,STAT302,Homework,2,Questions,,35,66,,
727,5/17/2020,Spring 2020,STAT302,Exploration,1,Explorations,,20,9,,
728,5/14/2020,Spring 2020,General,Estimation,1,Session,,6,21,,
729,5/17/2020,Spring 2020,STAT302,Quiz,1,Quiz,End of week 6,30,23,,
730,5/17/2020,Spring 2020,MATH206,Lecture,1,Lectures,20,26,28,,
731,5/17/2020,Spring 2020,MATH206,Homework,9,Problems,"§4.6: 3, 4, 7, 9, 10, 11, 12, 16, 20",40,44,,
732,5/18/2020,Spring 2020,MATH206,Quiz,1,Quiz,Just taking the quiz,55,50,,
733,5/17/2020,Spring 2020,ANT201,Lesson,1,Lessons,,95,72,,
734,5/18/2020,Spring 2020,ANT201,Lesson,1,Lessons,,150,181,,
735,5/19/2020,Spring 2020,ANT201,Lesson,1,Lessons,,20,29,,
736,5/20/2020,Spring 2020,ANT201,Lesson,1,Lessons,,45,35,,
737,5/16/2020,Spring 2020,ANT201,Reading,3,Pages,,12,13,,
738,5/21/2020,Spring 2020,ANT201,Reading,7,Pages,,28,49,,
739,5/22/2020,Spring 2020,ANT201,Reading,6,Pages,,24,28,,
740,5/22/2020,Spring 2020,ANT201,Reading Quiz,1,Quiz,,40,68,,
741,5/19/2020,Spring 2020,ANT201,Discussion,1,Discussions,,25,28,,
742,5/18/2020,Spring 2020,MATH206,Lecture,1,Lectures,21,25,26,,
743,5/19/2020,Spring 2020,MATH206,Homework,5,Problems,"§4.7:  1, 6, 9, 10, 12",30,65,,
744,5/15/2020,Spring 2020,MATH206,Revisions,1,Quiz,Quiz 3,14,10,,
745,5/17/2020,Spring 2020,General,Estimation,1,Session,,5,1,,
746,5/18/2020,Spring 2020,STAT302,Submission,1,Homework,Not availiable yet - week 6 hw,5,31,,
747,5/19/2020,Spring 2020,CPE101,Problem Sets,1,Sets,,180,263,,
748,5/18/2020,Spring 2020,MATH206,Revisions,1,Quiz,Quiz 4,13,15,,
749,5/18/2020,Spring 2020,General,Estimation,1,Session,,8,10,,
750,5/24/2020,Spring 2020,CPE101,Projects,1,Projects,,300,411,,
751,5/19/2020,Spring 2020,MATH206,Lecture,1,Lectures,22,28,17,,
752,5/20/2020,Spring 2020,MATH206,Homework,9,Problems,"§4.8: 2, 3, 5, 7, 10, 14, 16, 21, 27",35,51,,
753,5/20/2020,Spring 2020,MATH206,Lecture,1,Lectures,23,22,20,,
754,5/21/2020,Spring 2020,MATH206,Homework,6,Problems,"§4.9: 1, 4, 5, 7, 22, 23",35,34,,
755,5/20/2020,Spring 2020,STAT302,Practice,1,Sets,Practice set 1,40,30,,
756,5/20/2020,Spring 2020,STAT302,Practice,1,Sets,Practice set 2,40,19,,
757,5/20/2020,Spring 2020,STAT302,Practice,1,Sets,Practice set 3,40,39,,
758,5/21/2020,Spring 2020,STAT302,Test,1,Tests,,55,70,,
759,5/25/2020,Spring 2020,ANT201,Lesson,1,Lessons,8.1,90,118,,
760,5/26/2020,Spring 2020,ANT201,Lesson,1,Lessons,8.2,20,21,,
761,5/26/2020,Spring 2020,ANT201,Lesson,1,Lessons,8.3 Spirit house something?,20,29,,
762,5/26/2020,Spring 2020,ANT201,Lesson,1,Lessons,9.1,90,99,,
763,5/26/2020,Spring 2020,ANT201,Lesson,1,Lessons,9.2,30,21,,
764,5/26/2020,Spring 2020,ANT201,Lesson,1,Lessons,9.3,30,29,,
765,5/26/2020,Spring 2020,ANT201,Activity,1,Activity,Spirit house assignment,70,7,,
766,5/19/2020,Spring 2020,General,Estimation,1,Session,,6,10,,
767,5/21/2020,Spring 2020,MATH206,Review,8,Questions,Review Sheet,40,107,,
768,5/20/2020,Spring 2020,MATH206,Test Prep,1,Session,Figuring out scanning and all,20,32,,
769,5/22/2020,Spring 2020,MATH206,Test,1,Tests,,55,69,,
770,5/28/2020,Spring 2020,CPE101,Problem Sets,1,Sets,,200,126,,
771,5/26/2020,Spring 2020,ANT201,Revisions,1,Essay,Revising and turning in covid interview material,80,69,,
772,5/25/2020,Spring 2020,General,Estimation,1,Session,,4,3,,
773,5/27/2020,Spring 2020,MATH206,Lecture,1,Lectures,24,40,46,,
774,5/27/2020,Spring 2020,MATH206,Homework,10,Questions,"§5.1: 3, 4, 5, 7, 9, 12, 14, 19, 23, 25",50,65,,
775,5/27/2020,Spring 2020,STAT302,Reading,1,Examples,5.1,25,40,,
776,5/27/2020,Spring 2020,STAT302,Exploration,1,Explorations,,50,7,,
777,5/27/2020,Spring 2020,STAT302,Practice,6,Questions,,10,8,,
778,5/27/2020,Spring 2020,General,Estimation,1,Session,,6,5,,
779,6/2/2020,Spring 2020,ANT201,Discussion,1,Session,,30,40,,
780,5/27/2020,Spring 2020,STAT302,Quiz,1,Quiz,RQ 5.1,25,40,,
781,5/28/2020,Spring 2020,STAT302,Homework,3,Questions,,90,75,,
782,5/28/2020,Spring 2020,General,Estimation,1,Session,,8,4,,
783,5/28/2020,Spring 2020,STAT302,Reading,1,Examples,5.2,40,21,,
784,5/28/2020,Spring 2020,STAT302,Practice,5,Questions,7-11 w8,10,12,,
785,5/28/2020,Spring 2020,STAT302,Homework,2,Questions,Week 8 4-5,60,73,,
786,5/28/2020,Spring 2020,MATH206,Lecture,1,Lectures,25,30,24,,
787,5/28/2020,Spring 2020,STAT302,Quiz,1,Quiz,RQ5.2,18,17,,
788,6/9/2020,Spring 2020,CPE101,Submission,1,Problem Sets,,10,21,,
789,5/29/2020,Spring 2020,General,Estimation,1,Session,,7,6,,
790,5/29/2020,Spring 2020,MATH206,Lecture,1,Lectures,26,35,46,,
791,5/31/2020,Spring 2020,MATH206,Homework,14,Problems,"§5.2: 1-23 odd, 30, 33",65,75,,
792,6/5/2020,Spring 2020,CPE101,Projects,1,Projects,Crime Time (final project),400,218,,
793,6/1/2020,Spring 2020,General,Estimation,1,Session,,8,4,,
794,6/1/2020,Spring 2020,STAT302,Reading,1,Chapters,Includes example,60,53,,
795,6/2/2020,Spring 2020,STAT302,Exploration,1,Explorations,,50,42,1,
796,6/1/2020,Spring 2020,STAT302,Quiz,1,Quiz,6.1,30,19,,
797,6/1/2020,Spring 2020,STAT302,Practice,8,Problems,,15,19,,
798,6/1/2020,Spring 2020,STAT302,Revisions,1,Homework,,10,24,,
799,6/1/2020,Spring 2020,MATH206,Lecture,1,Lectures,,30,24,,
800,6/1/2020,Spring 2020,MATH206,Homework,13,Problems,"§6.1: 2, 7, 9, 11, 16, 19, 21, 23, 25, 27, 35, 38, 39",60,64,,
801,6/2/2020,Spring 2020,General,Estimation,1,Session,,5,4,,
802,6/2/2020,Spring 2020,MATH206,Lecture,1,Lectures,,30,0,1,
803,6/2/2020,Spring 2020,MATH206,Homework,14,Problems,"§6.2: 1, 4, 6, 7, 11, 15, 19, 23, 25, 27, 28, 29, 31, 35",60,23,,
804,6/3/2020,Spring 2020,MATH206,Quiz,1,Quiz,,50,46,,
805,6/8/2020,Spring 2020,MATH206,Revisions,1,Quiz,Revising after results are released.,20,39,,
806,6/3/2020,Spring 2020,MATH206,Lecture,1,Lectures,,41,44,,
807,6/4/2020,Spring 2020,MATH206,Homework,12,Problems,"§6.3: 2-7, 11, 29, 32, 37, 39, 43",80,86,1,
808,6/3/2020,Spring 2020,STAT302,Notes,1,Videos,,40,24,,
809,6/3/2020,Spring 2020,STAT302,Practice,5,Questions,,10,14,,
810,6/4/2020,Spring 2020,General,Estimation,1,Session,,5,5,,
811,6/9/2020,Spring 2020,MATH206,Study,1,Session,Studying for final,60,69,,
812,6/11/2020,Spring 2020,MATH206,Study,1,Session,Studying for final,60,120,,
813,6/8/2020,Spring 2020,CPE101,Test,1,Tests,Final,180,149,,
814,6/10/2020,Spring 2020,STAT302,Test,1,Tests,Final,130,107,,
815,6/10/2020,Spring 2020,STAT302,Study,1,Session,All for final,45,90,,
816,6/8/2020,Spring 2020,CPE101,Problem Sets,1,Sets,Set 9 extra credit,90,82,,
817,6/12/2020,Spring 2020,MATH206,Test,1,Tests,,160,180,,
818,6/11/2020,Spring 2020,CPE101,Submission,1,Projects,Crimetime,30,233,,
819,6/22/2020,Summer 2020,General,Prep,1,Session,,10,36,,
820,6/22/2020,Summer 2020,STAT330,Setup,1,Class,RStudio,30,31,,
821,6/22/2020,Summer 2020,General,Estimation,1,Session,,10,10,,
822,6/23/2020,Summer 2020,STAT330,Reading,1,Sections,1.1,30,11,,
823,6/29/2020,Summer 2020,STAT330,Reading,1,Sections,1.2,30,17,,
824,6/29/2020,Summer 2020,STAT330,Reading,1,Sections,3.1,30,12,,
825,6/30/2020,Summer 2020,STAT330,Reading,1,Sections,3.5,30,5,,
826,6/30/2020,Summer 2020,STAT330,Reading,1,Sections,3.6,30,3,,
827,6/24/2020,Summer 2020,STAT330,Lecture,1,Lectures,1,40,37,,
828,6/30/2020,Summer 2020,STAT330,Lab,1,Labs,,150,59,,
829,6/22/2020,Summer 2020,STAT331,Check-in,6,Questions,,8,8,,
830,6/23/2020,Summer 2020,STAT331,Check-in,3,Questions,,4,17,,
831,6/23/2020,Summer 2020,STAT331,Survey,1,Surveys,Intro survey,5,7,,
832,6/23/2020,Summer 2020,STAT331,PA,1,PAs,PA 1,20,121,,
833,6/23/2020,Summer 2020,STAT330,Homework,1,Program,SAS 1,40,13,,
834,6/25/2020,Summer 2020,STAT330,Homework,1,Program,SAS 2,25,9,,
835,6/25/2020,Summer 2020,STAT330,Homework,1,Program,SAS 3,25,8,,
836,6/25/2020,Summer 2020,STAT330,Homework,1,Program,SAS 4,30,13,,
837,6/25/2020,Summer 2020,STAT330,Homework,1,Program,SAS 5,30,19,,
838,6/24/2020,Summer 2020,STAT330,Estimation,1,Session,,10,9,,
839,6/29/2020,Summer 2020,STAT330,Quiz,1,Quiz,Quiz 1,8,6,,
840,6/30/2020,Summer 2020,STAT330,Lab,1,Labs,Lab 2,150,62,,
841,7/4/2020,Summer 2020,STAT330,Lab,1,Labs,Lab 3,150,188,,
842,6/25/2020,Summer 2020,STAT330,Lecture,1,Lectures,2,50,41,,
843,6/30/2020,Summer 2020,STAT330,Lecture,1,Lectures,3,50,15,,
844,6/30/2020,Summer 2020,STAT330,Lecture,1,Lectures,4,50,10,,
845,6/30/2020,Summer 2020,STAT330,Lecture,1,Lectures,5,50,21,,
846,6/29/2020,Summer 2020,STAT330,Quiz,1,Quiz,Quiz 2,8,3,,
847,6/29/2020,Summer 2020,STAT330,Quiz,1,Quiz,Quiz 3,8,9,,
848,6/25/2020,Summer 2020,STAT331,Estimation,1,Session,,4,3,,
849,6/27/2020,Summer 2020,STAT331,Challenge,1,Challenges,1,40,55,,
850,6/25/2020,Summer 2020,STAT331,Lab,1,Labs,1,120,52,,
851,6/25/2020,Summer 2020,STAT330,Homework,1,Program,6,15,53,,
852,6/25/2020,Summer 2020,STAT330,Homework,1,Program,7,15,29,,
853,6/25/2020,Summer 2020,STAT330,Homework,1,Program,8,15,35,,
854,7/4/2020,Summer 2020,STAT330,Reading,1,Sections,3.11,20,14,,
855,7/4/2020,Summer 2020,STAT330,Reading,1,Sections,3.12,20,10,,
856,7/1/2020,Summer 2020,STAT330,Help,1,Weeks,Helping Others 6/25 - 7/1,15,10,,
857,7/16/2020,Summer 2020,General,Planning,1,Quarter,Choosing and registering fall 2020 classes,90,159,,
858,6/29/2020,Summer 2020,STAT330,Homework,4,Programs,Hw 3,80,108,,
859,6/29/2020,Summer 2020,STAT331,Coursework,1,Coursework,Objects in R,65,43,,
860,7/1/2020,Summer 2020,STAT331,Coursework,1,Coursework,Data wrangling,70,139,,
861,7/2/2020,Summer 2020,STAT331,Coursework,1,Coursework,"Data, directories, deliverables",70,47,,
862,7/2/2020,Summer 2020,STAT331,Practice Activity,1,Activity,2,10,95,,
863,7/5/2020,Summer 2020,STAT331,Lab,1,Labs,2,130,118,1,
864,7/5/2020,Summer 2020,STAT331,Challenge,1,Challenges,2,40,0,1,
865,7/2/2020,Summer 2020,STAT330,Reading,3,Sections,"Reading: 1.3-1.4, 2.4",30,23,,
866,7/2/2020,Summer 2020,STAT330,Reading,4,Sections,"Reading: 1.10, 2.18-2.20",40,32,,
867,7/5/2020,Summer 2020,STAT330,Reading,7,Sections,"Reading: 4.2, 4.5-4.6, 9.2-9.3, 9.5-9.6",70,0,1,
868,7/5/2020,Summer 2020,STAT330,Reading,4,Sections,"Reading: 8.1-8.3, 8.5",40,0,1,
869,7/2/2020,Summer 2020,STAT330,Homework,1,Programs,4,15,31,,
870,7/4/2020,Summer 2020,STAT330,Homework,1,Programs,5,15,46,,
871,7/4/2020,Summer 2020,STAT330,Homework,1,Programs,6,15,48,,
872,7/4/2020,Summer 2020,STAT330,Homework,1,Programs,7,15,34,,
873,7/4/2020,Summer 2020,STAT330,Lab,1,Labs,4,60,49,,
874,7/5/2020,Summer 2020,STAT330,Lab,1,Labs,5,60,66,,
875,7/5/2020,Summer 2020,STAT330,Lab,1,Labs,6,60,71,,
876,7/5/2020,Summer 2020,STAT330,Lab,1,Labs,7,60,78,,
877,7/4/2020,Summer 2020,STAT330,Quiz,1,Quiz,4,8,8,,
878,7/4/2020,Summer 2020,STAT330,Quiz,1,Quiz,5,8,7,,
879,7/5/2020,Summer 2020,STAT330,Quiz,1,Quiz,6,8,9,,
880,7/5/2020,Summer 2020,STAT330,Quiz,1,Quiz,7,8,11,,
881,6/29/2020,Summer 2020,STAT330,Estimation,1,Session,,6,8,,
882,7/6/2020,Summer 2020,General,Estimation,1,Session,,13,9,,
883,7/6/2020,Summer 2020,STAT331,Coursework,1,Session,Videos and readings,60,45,,
884,7/7/2020,Summer 2020,STAT331,Coursework,1,Activity,week 3,60,81,,
885,7/9/2020,Summer 2020,STAT331,Practice Activity,1,Activity,week 3,60,67,,
886,7/7/2020,Summer 2020,STAT331,Peer Review,3,Reviews,,25,34,,
887,7/8/2020,Summer 2020,STAT330,Homework,1,Programs,,45,57,,
888,7/6/2020,Summer 2020,STAT330,Lecture,1,Videos,,50,32,,
889,7/10/2020,Summer 2020,STAT330,Midterm,1,Programs,,120,188,,
890,7/10/2020,Summer 2020,STAT330,Lab,1,Labs,8,90,116,,
891,7/8/2020,Summer 2020,STAT331,Coursework,1,Session,All,180,185,,
892,7/12/2020,Summer 2020,STAT331,Lab,1,Labs,3,100,192,,
893,7/12/2020,Summer 2020,STAT331,Challenge,1,Challenges,3,30,47,,
894,7/13/2020,Summer 2020,General,Estimation,1,Session,,10,7,,
895,7/14/2020,Summer 2020,STAT330,Homework,1,Programs,HW 9,70,42,,
896,7/15/2020,Summer 2020,STAT330,Lecture,1,Lectures,Lecture 10,40,34,,
897,7/17/2020,Summer 2020,STAT330,Lab,1,Labs,Lab 9,140,113,,
898,7/18/2020,Summer 2020,STAT330,Homework,1,Programs,HW 10,70,46,,
899,7/20/2020,Summer 2020,STAT330,Lecture,1,Lectures,Lecture 11,40,33,,
900,7/20/2020,Summer 2020,STAT330,Lab,1,Labs,Lab 10,140,182,,
901,7/14/2020,Summer 2020,STAT331,Coursework,1,Coursework,Regular Expressions,140,170,,
902,7/15/2020,Summer 2020,STAT331,Coursework,1,Coursework,Writing Functions,140,66,,
903,7/16/2020,Summer 2020,STAT331,Practice Activity,1,Activity,,80,69,,
904,7/21/2020,Summer 2020,STAT331,Practice Activity,1,Activity,,80,44,,
905,7/14/2020,Summer 2020,STAT330,Reading,5,Sections,"Reading: 9.8, 9.10-9.13",60,27,,
906,7/18/2020,Summer 2020,STAT331,Peer Review,1,Labs,,10,6,,
907,7/18/2020,Summer 2020,STAT331,Peer Review,1,Labs,,10,6,,
908,7/18/2020,Summer 2020,STAT331,Peer Review,1,Labs,,10,9,,
909,7/18/2020,Summer 2020,STAT330,Reading,3,Sections,2.7-2.9,35,34,,
910,7/21/2020,Summer 2020,General,Estimation,1,Session,,6,5,,
911,7/21/2020,Summer 2020,STAT331,Lab,1,Labs,,150,122,,
912,7/22/2020,Summer 2020,STAT331,Challenge,1,Challenges,,30,95,,
913,7/24/2020,Summer 2020,STAT330,Homework,1,Sections,Homework 11,90,52,,
914,7/24/2020,Summer 2020,STAT330,Lecture,1,Lectures,Lecture 12,40,28,,
915,7/26/2020,Summer 2020,STAT330,Lab,1,Labs,Lab 11,100,98,,
916,7/26/2020,Summer 2020,STAT330,Homework,1,Sections,Homework 12,90,34,,
917,7/27/2020,Summer 2020,STAT330,Lecture,1,Lectures,Lecture 13,40,24,,
918,7/27/2020,Summer 2020,STAT330,Lab,1,Labs,Lab 12,100,119,,
919,7/27/2020,Summer 2020,STAT331,Midterm,1,Tests,Midterm program and all other tasks,190,244,,
920,7/27/2020,Summer 2020,STAT331,Interview,1,Session,,20,6,,
921,7/27/2020,Summer 2020,STAT331,Quiz,1,Quiz,9,15,5,,
922,7/29/2020,Summer 2020,STAT330,Quiz,1,Quiz,10,15,12,,
923,7/29/2020,Summer 2020,STAT330,Homework,1,Homework,HW 13,80,33,,
924,7/30/2020,Summer 2020,STAT330,Lecture,1,Lectures,14,30,33,,
925,8/1/2020,Summer 2020,STAT330,Lab,1,Labs,13,120,134,,
926,8/1/2020,Summer 2020,STAT330,Homework,1,Homework,14,80,75,,
927,8/3/2020,Summer 2020,STAT330,Lecture,1,Lectures,15,30,27,,
928,8/3/2020,Summer 2020,STAT330,Lab,1,Labs,14,120,90,,
929,8/2/2020,Summer 2020,STAT331,Practice Activity,1,Activity,,20,11,,
930,8/2/2020,Summer 2020,STAT331,Lab,1,Labs,,90,322,1,
931,8/3/2020,Summer 2020,STAT331,Challenge,1,Challenges,,35,54,1,
932,8/10/2020,Summer 2020,STAT330,Estimation,1,Assignment,Estimating and understanding final project,10,6,,
933,7/29/2020,Summer 2020,STAT331,Coursework,1,Coursework,Github,85,75,,
934,8/1/2020,Summer 2020,STAT331,Coursework,1,Coursework,R Packages,25,24,,
935,8/2/2020,Summer 2020,STAT331,Coursework,1,Coursework,Functional Programming,90,177,,
936,8/3/2020,Summer 2020,STAT330,Quiz,1,Quiz,,10,10,,
937,8/5/2020,Summer 2020,STAT331,Coursework,1,Coursework,Distributions and Simulations,100,80,,
938,8/6/2020,Summer 2020,STAT331,Practice Activity,1,Activity,PA 7,60,32,,
939,8/7/2020,Summer 2020,STAT330,Lab,1,Labs,Lab 15,80,179,,
940,8/8/2020,Summer 2020,STAT331,Lab,1,Labs,Lab 7,120,156,,
941,8/8/2020,Summer 2020,STAT331,Challenge,1,Challenges,7,30,73,,
942,8/6/2020,Summer 2020,STAT330,Homework,1,Program,15,25,41,,
943,8/10/2020,Summer 2020,STAT330,Homework,1,Homework,16,90,49,,
944,8/8/2020,Summer 2020,STAT331,Challenge,1,Challenges,,35,35,,
945,8/10/2020,Summer 2020,STAT331,Estimation,1,Assignment,Estimating and understanding final project,10,21,,
946,8/13/2020,Summer 2020,STAT330,Writing,1,Paper,,200,366,,
947,8/28/2020,Summer 2020,STAT331,Projects,1,Projects,Personal Portfolio Website,430,839,,1
948,8/13/2020,Summer 2020,STAT331,Coursework,1,Coursework,,90,58,,
949,8/13/2020,Summer 2020,STAT331,Practice Activity,1,Programs,,30,39,,
950,8/15/2020,Summer 2020,STAT331,Lab,1,Labs,,150,79,,
951,8/15/2020,Summer 2020,STAT331,Challenge,1,Challenges,,60,21,,
952,8/17/2020,Summer 2020,STAT331,Peer Review,3,Peer Reviews,,35,23,,
953,8/19/2020,Summer 2020,STAT331,Coursework,1,Coursework,,80,64,,
954,8/20/2020,Summer 2020,STAT331,Coursework,1,Coursework,,50,62,,
955,8/20/2020,Summer 2020,STAT331,Practice Activity,1,Activity,,25,26,,
956,8/22/2020,Summer 2020,STAT331,Lab,1,Labs,,60,91,,
957,8/22/2020,Summer 2020,STAT331,Challenge,1,Challenges,,30,52,,
958,8/28/2020,Summer 2020,STAT331,Final,1,Tests,,180,261,,
959,8/28/2020,Summer 2020,STAT331,Extra Credit,1,Session,Participating in research study,80,74,,